Base PID,Matches,,,,,,,,Not A Match,,,,
ASD-1234,QWE-5678,POI-91001,,,,,,,TUI-5432,,,,
MRCS-T1C ​​,MRHP-SLM,MRHP-SLM ​​,,,,,,,MRCN-25Y ​​,,,,
MRCT-H1N,MRZ4-T8F,MRD7-3T7,MRZ4-TC2,MR4H-9B4,MR4H-91H,,,,,,,,
MRCZ-RZG,9QC3-XQH,9XVM-JXX,,,,,,,KJGC-14V,93TW-4B9,,,
MRD1-F25,KC85-NTQ,,,,,,,,,,,,
MRD4-T1C,,,,,,,,,MN7S-2D7,M25H-BYL,,,
MRDC-623 ​​,M8WF-B5N ​​,,,,,,,,,,,,
MRDC-FF7,,,,,,,,,LY4P-RFJ,,,,
MRDG-7PL,,,,,,,,,MVC3-R87,,,,
MRDG-81L,M5DY-PPJ,,,,,,,,9H3W-Z5Y,,,,
9JN9-QNN,,,,,,,,,9JFY-MXF,,,,
9JN9-YXP,KJGV-P7P,KJGV-PS1,9JNS-H4N,KJ2Y-682,9JN9-GT4,,,,,,,,
9JN9-YY1,KG4M-PVN,,,,,,,,,,,,
9JNB-ZCQ,9ND7-MNV,9ND7-SS4,M36L-CPV,,,,,,,,,,
9JNB-ZD2,,,,,,,,,MTXT-7QD,9VZ9-LW7,9JJ9-PSP,,
9JND-RXL,,,,,,,,,9JND-YMG,,,,
MRDG-PP3,K8YN-W4V,MBPL-Q8T,97NS-YJ6,MCT4-3T1,LVPG-SVW,,,,,,,,
KCSZ-C83,97WG-TGM,LVP9-KRY,,,,,,,,,,,
KCSZ-SL7,MSHZ-YKZ,,,,,,,,,,,,
9JNG-H9T,9JNF-J3P,982M-793,KH2Z-S3L,9JNX-F8G, MGXX-R4P,,,,,,,,
9JNG-XMX,9JNL-4P8,9NDG-PNP,,,,,,,,,,,
9JNJ-V9C,9JNJ-XF5,9JNJ-JRH,9DZJ-9YQ,9JNJ-6HN,9JNJ-ZZZ,,,,,,,,
9JNK-RD1,9JNK-XGK,9KNR-669,9KNR-NCB,9KNR-F8G,9JNK-DDB,,,,,,,,
9JNK-ZMR,9JNK-XKK,KCKK-KHS,9JNK-4NN,9JNK-DLK,MR5P-856,,,,,,,,
9JNN-GCX,M9QR-CMH,M97Q-ZN1,M976-KRJ,M9QG-H29,,,,,,,,,
9JNP-HD6,K4V7-53M,9JNP-ZCC,9KC7-JKH,,,,,,,,,,
9JNP-Y8Y,9JNP-KC4,9JNP-2YX,93QC-JT2,,,,,,,,,,
9JNQ-DNC,KNRG-H64,9JN9-57J,KZ61-B15,,,,,,,,,,
9JNR-8NN,KNTW-8TN,9JNT-QNP,,,,,,,MXLM-6WR,,,,
9JNR-QMT,,,,,,,,,9JNR-VWZ,GM4W-W3K,9KWY-X98,9JN1-81B,
9JNR-YWV,,,,,,,,,9JNY-XGN,9DZN-2XG,9DZN-GQG,9JNB-DXP,
9JNR-Z97,9JNR-H1N,9JNR-85V,,,,,,,,,,,
9JNS-MXB,9JNS-461,9KHJ-316,9JN9-K7Z,9KHJ-4MJ,9KHJ-QKZ,,,,,,,,
MPVW-FY4,MPVB-6S8,MPKF-YH1,MP25-B5H,,,,,,,,,,
MPVW-WMW,94PW-JTP,,,,,,,,97WQ-PQM,MQ6S-SDB,MQ6Y-Q8F,M35T-R2B,
MPVY-H9P,LZV3-3FY,MPVY-HST,LZL4-JBY,LZFQ-4NH,KJV7-V9M,,,,,,,,
MRDK-ZYN,,,,,,,,,MPFD-9PJ,,,,
MRDL-FP8,L42T-RG3,MRCR-61K,MRDK-KZZ,,,,,,L5JH-DXM,LC2C-2R1,,,
MRDL-NYY,99HZ-RK7,MDZJ-72F,KDSB-KZ5,,,,,,,,,,
MPVZ-TXB,M6JF-12T,,,,,,,,,,,,
MPW1-6YK,MZBR-M76,,,,,,,,9QV5-CBB,,,,
MPW1-XCS,9775-GX5,,,,,,,,,,,,
MPW5-ZCM,MPW5-ZDD,MPW5-Z7C,,,,,,,,,,,
MPW7-JNF,MPWK-LHN,MPWK-S45,MPWS-FRC,MPWC-J6N,MPWV-1LQ,,,,,,,,
MPW7-RXH,275M-MNW,,,,,,,,,,,,
MPW7-S9H,,,,,,,,,LRQS-437,,,,
KCT1-FBD,9CVR-J8B,KVB7-51C,,,,,,,K8PB-KMG,M4DV-ZZB,M2PQ-8BW,,
KCT1-NLF,K6SD-F5P,,,,,,,,LYHY-MH6,K8SP-NSS,,,
KCT1-W7H,,,,,,,,,LB2K-6JF,,,,
KCT2-BM2,MRMD-6PN,,,,,,,,MLQT-NX7,,,,
KCT4-2WJ,,,,,,,,,KHCF-B2M,,,,
KCT4-38J,MXV6-5XR,,,,,,,,,,,,
KCT4-L7P,K45J-5DG,,,,,,,,,,,,
KCT4-TB3,MPKD-VRF,,,,,,,,M26G-R3C,,,,
KCT6-LVM,,,,,,,,,99ZS-WQQ,,,,
KCT6-M7M,MHCB-KTJ,M2VJ-F9B,MSTX-KHH,,,,,,,,,,
KCT7-8M7,LLC2-7RN,,,,,,,,,,,,
KCT8-4WD,KWJN-NKF,,,,,,,,,,,,
KCT9-1BQ,992S-WSF,,,,,,,,99NH-MQD,99NH-M3X,K41B-8WB,K8F5-ZMD,
MR89-LB1,,,,,,,,,MR46-FVF,MR89-GMS,MRC7-JPD,L4JH-XG5,MR81-GCV
MR8G-283,MR8G-SB5,MR8L-5TX,,,,,,,L5DY-KVP,,,,
MRDN-6ZP,MRDN-6CR,MRHM-DMT,MRC6-M4K,MRHB-ZG8,MR8G-TKN,,,,,,,,
MR8G-K6X,,,,,,,,,KC2Q-W73,MR8L-3J5,KG3H-DYQ,,
MRDP-PYS,,,,,,,,,KL3P-QKM,,,,
MR8L-QKB,,,,,,,,,MT69-JTR,MTDM-SR3,KZK1-LSX,MLVQ-L33,KZGH-ZVT
MRDP-PZ4,99XQ-WW7,L4X9-SPD,9DVT-5F5,KZBF-RNG,,,,,K42S-YPW,,,,
MRDR-QZ1,MRWP-614,MRD7-MB7,MR4G-3HJ,MRDV-8GW,,,,,MRHZ-JVG,,,,
MR8P-C78,KVY7-B4D,9DGP-5B7,KKS8-V5X,,,,,,9JH2-X8F,,,,
MR8Q-GKG,MR8Q-G25,,,,,,,,,,,,
MR8S-HKD,M8CZ-6XZ,,,,,,,,,,,,
MR8V-F6N,96WN-QSL,99JX-GB9,MTSJ-8H4,9H3P-V1B,,,,,,,,,
MR8Y-KJZ,MR8Y-KFR,,,,,,,,,,,,
MR91-C6W,,,,,,,,,MYG7-GHQ,,,,
MR91-C78,K872-J62,KZQV-R1D,MH3C-VZM,M13G-FLS,,,,,KZSY-2V7,,,,
MRDW-PDW,MR4R-C26,MR84-C8Y,KG6J-DQK,MRDB-R2R,,,,,K69W-NXC,MR9B-KZC,M3GC-Z4Z,M3GC-ZCL,KZMJ-LH7
MRDY-HZ3,MS14-H1T,MRDY-4RM,MRDY-H8P,MRDY-HD2,,,,,,,,,
MR9C-CJY,,,,,,,,,MR9C-CK6,,,,
MRF3-TXM,M5TN-N3V,M569-KPY,MP63-3TV,M564-VZZ,KCD3-C38,,,,,,,,
MR9Q-5DS,,,,,,,,,K42D-7ZH,948R-TLG,KH65-RQC,,
MRF7-W9G,,,,,,,,,MKNG-PWJ,,,,
MR9R-9YC,,,,,,,,,L45S-5CZ,,,,
MRF8-JY3,97SZ-Q98,,,,,,,,,,,,
MR9R-JNG,,,,,,,,,27S7-WR9,LZRR-WDK,,,
MRFC-D9N,LR6J-6CC,,,,,,,,,,,,
MRFD-YCB,MRF4-6J3,,,,,,,,,,,,
MR9V-3NZ,LZ3W-JTZ,KNPP-J91,,,,,,,,,,,
MRFF-8Y7,L4NC-8CG,L4NX-LMX,KJKJ-FVM,KJ2Z-6XX,MVHD-LMM,,,,,,,,
KZ9X-PCL,93T8-JBD,,,,,,,,KHYZ-ZCP,KCQ7-TGB,M4KT-D42,,
KZ9Y-DD8,GMFH-474,,,,,,,,,,,,
MR9W-QCP,K8B2-NG6,,,,,,,,KHHR-26D,MR98-VW4,MR9Z-KBX,94NH-7Z4,
KZB1-BQ8,9S3S-PL9,,,,,,,,,,,,
KZB1-C1W,LY5X-7R4,K4D1-TR5,9SXG-NGS,,,,,,,,,,
KZB1-C28,,,,,,,,,K6FY-W26,K6NQ-56K,,,
MR9Y-9DG,,,,,,,,,MY3Q-P92,,,,
MR9Z-FCX,,,,,,,,,LVD5-CKV,,,,
MR9Z-FD9,,,L4JH-SV2,LBFT-S1X,,,,,,,,,
MRB3-R1J,,,,,,,,,MRB3-RBG,,,,
987H-PYT,,,987C-2BJ,987H-1F8,987C-3ZC,987H-Z6Y,,,,,,,
987W-6SY,,,,,,,,,9874-8RM,987H-Q6F,987W-FPV,,
MPW8-G9S,MPW3-36H,MPWW-KYW,,,,,,,,,,,
MPWC-PMS,J3LD-9G4,9SDR-RYH,,,,,,,,,,,
MPWD-49Z,,,,,,,,,MYK4-ZGC,,,,
MPWG-9NG,M226-LRQ,,,,,,,,,,,,
MPWH-FMX,MDHZ-18Q,,,,,,,,MPW8-PMD,,,,
MPWJ-6XQ,MPWJ-XVG,,,,,,,,,,,,
MPWJ-P8W,MPWJ-P4Z,,,,,,,,,,,,
MPWK-D9C,LDV8-GG9,,,,,,,,,,,,
MPWN-ZC4,KXFJ-WY9,MNTB-WLM,,,,,,,MKD1-8W5,,,,
MPWP-9XH,M22V-8SY,M22V-89V,,,,,,,M22J-22G,MPWP-6J5,,,
MPWS-7CR,MPZ6-88F,MPZF-VPC,MPHF-WBQ,KHW8-R8V,MPWS-7FP,,,,,,,,
MPWT-TWH,KH1J-6DG,,,,,,,,,,,,
MPWW-9CL,,,,,,,,,MHZ7-2TK,,,,
MPWX-5MY,MPWH-K6L,,,,,,,,K224-TZV,MSMY-V4N,,,
MPWX-W8B,KZM2-462,,,,,,,,,,,,
MPX1-1NF,MPX1-1KP,,,,,,,,,,,,
MPX4-H97,MPXW-VPJ,KCWC-Z46,MMXB-THV,MJVK-7X8,,,,,,,,,
MPX5-TWH,9DF2-G9Y,,,,,,,,,,,,
MPX6-HX4,MRZG-BDV,M21K-W8Y,,,,,,,,,,,
MPX8-J91,MLR9-TNG,,,,,,,,,,,,
987Y-7T7,,,,,,,,,987W-L1T,987H-MNK,,,
9891-SGX,L7NN-95Q,L7NN-9LZ,9891-SGP,9891-SG2,L7NN-9GX,,,,,,,,
9893-CS2,9893-Z85,9893-8N4,,,,,,,,,,,
9894-PRC,L48N-7HP,,,,,,,,,,,,
9899-WGL,,,,,,,,,MXHJ-PKX,,,,
989C-L2X,L488-WYF,,,,,,,,,,,,
989W-4GQ,LQYC-FTB,,,,,,,,L1TY-DK6,,,,
989Z-K2B,,,,,,,,,L447-7JJ,,,,
98BG-WRR,,,,,,,,,LZ37-PY3,,,,
KZB3-CQ5,,,,,,,,,9NSM-HNL,,,,
98BH-358,,,,,,,,,K6HG-RGL,M66Z-C6Q,M5DT-J8J,,
98C7-S3H,L5B7-3CG,,,,,,,,,,,,
KZB4-HFD,KNL5-3BK,2Q1R-DC3,KNVN-73M,KN2D-275,MYS2-78G,,,,,,,,
KLWW-BNX,KLWR-R5K,,,,,,,,M7TS-H4R,KL7G-77V,KL71-PVW,MLMQ-TQC,
KZB5-LZS,L7TP-7NZ,,,,,,,,,,,,
KZB6-QPC,M2J4-BML,M2JH-M68,M2V8-TWT,,,,,,,,,,
KZB7-MZP,K83T-GGC,M3BP-5ZC,KLH3-M7G,,,,,,KXZJ-KTD,KCX7-PYS,,,
KZB9-G1K,M5G8-B3S,K87T-CFV,,,,,,,KGP1-LPW,KG5S-RMF,9D85-NZD,,
KLWX-GDH,KKQN-RWC,LWYV-YC1,,,,,,,,,,,
KZBB-FZL,MPB1-PDN,MC2V-2WQ,,,,,,,,,,,
KLWX-WXL,L73T-KR3,,,,,,,,,,,,
KZBB-WP1,MQ39-VKL,MQSH-DK6,,,,,,,,,,,
KLX1-SXX,LRXQ-B2V,,,,,,,,,,,,
KLX1-SY9,9V41-YJJ,97K4-6MR,,,,,,,,,,,
KZBM-7PF,MW5L-KBY,MH9W-78K,KHWX-D7H,M4K3-RT1,,,,,,,,,
KZBM-81F,K87M-DYJ,KZ1C-VWH,MBSW-ZS5,9NWB-LCG,MHQN-95F,,,,,,,,
KLX4-QDC,9XPR-7MK,L4RJ-DQF,96C6-GW8,L4RF-616,9DCV-HJP,,,,,,,,
KLXH-RXB,,,,,,,,,K4B6-L7P,K64Y-GPS,MKY3-YC1,LV9J-58D,
KLXL-DCW,9QFJ-265,,,,,,,,MY1F-19C,,,,
KLXP-NN4,,,,,,,,,96YH-KQY,,,,
KLXR-X93,9HHW-YH9,,,,,,,,LKD9-S7F,,,,
MJ5T-WSD,,,,,,,,,K86Z-L1M,KKSW-SX4,MTJ4-QC5,,
MJ5Y-55C,,,,,,,,,MJ5Y-6D8,MJ51-HH6,,,
MJ64-JSR,97Q7-FJY,,,,,,,,,,,,
MJ68-3TF,,,,,,,,,MPGB-ZPJ,,,,
MJ6B-8SV,M3YR-YHM,,,,,,,,,,,,
MJ6B-8T7,KZGD-LQ5,,,,,,,,M6KB-TML,,,,
MJ6C-F4H,K83R-3C2,,,,,,,,,,,,
MJ6D-9SS,,,,,,,,,MJY5-74X,MP2F-PYS,MG6L-2LX,MV7R-VZ9,
MJ6D-JHW,9NNT-CLH,,,,,,,,,,,,
MJ6D-RRY,,,,,,,,,MJ6W-CKL,,,,
MJ6F-SRV,9VGC-VT8,M6P2-W1P,MWTL-T6F,,,,,,,,,,
MJ6F-SS7,MJ6F-SMW,MJ6F-WZ1,,,,,,,,,,,
MJ6F-T3V,KH6Q-XJ6,,,,,,,,,,,,
MJ6G-GSB,9QM3-ZBP,,,,,,,,,,,,
MJ6M-1SR,M3X1-SZW,,,,,,,,,,,,
MJ6M-1T3,,,,,,,,,MJ5H-N89,,,,
MJ6N-X3J,MJ6X-9XP,,,,,,,,,,,,
MJ6Q-LS3,KCT2-RGY,,,,,,,,,,,,
MJ6R-QHB,M6KX-NCL,,,,,,,,,,,,
MJ6V-BS8,KWJ4-4SW,,,,,,,,,,,,
MJ6W-6SC,MJFP-7LC,,,,,,,,,,,,
MJ6X-CS5,,,,,,,,,21T7-BQ2,,,,
MJ6X-D3T,,,,,,,,,MJ6D-HCK,9JT4-LCS,MW38-Q49,9JPM-5C2,MJ66-2HH
98CQ-G2Y,,,,,,,,,K6C3-S2R,,,,
98G7-4YQ,9JYJ-WJL,96HH-LFY,,,,,,,,,,,
98G7-VCY,99BY-FQ3,98G7-KGD,,,,,,,,,,,
98G8-RNG,LDYR-76X,,,,,,,,,,,,
98G9-FNR,9JPH-13Z,,,,,,,,,,,,
98GG-4NV,,,,,,,,,KC75-KVK,,,,
98GH-J9J,9JG2-JXR,98GH-695,,,,,,,9J9X-YZT,,,,
98GH-ZMN,9JGP-R3S,98GH-DBQ,,,,,,,96S3-BSN,KHR2-NP5,,,
98GL-L9D,KGQW-LPB,MH3N-7L4,,,,,,,,,,,
98GL-TCF,9H45-YPF,,,,,,,,,,,,
98GR-FN9,KFLK-FC2,,,,,,,,,,,,
MJ6X-D45,,,,,,,,,9ZQX-V4M,,,,
MJ6Y-Q3F,9NG6-MKG,,,,,,,,,,,,
MJ71-XRG,KZGJ-73V,KZLZ-NVJ,K8FV-S38,,,,,,KHZV-5ZG,,,,
MJ72-44L,MD51-MXT,,,,,,,,,,,,
MJ76-64F,KZ9T-NM6,KC61-RGR,,,,,,,,,,,
MJ76-FHJ,,,,,,,,,MJ7F-FPT,MJ7X-1X5,MJ76-LTS,MJ7F-MCZ,MJ7F-FGX
KZBM-XYN,9M9V-T52,9SL3-6CN,K8DN-78P,,,,,,,,,,
KZBN-LYY,M58M-JGG,KZV5-TLQ,,,,,,,,,,,
KZBP-MYV,K6MT-2CJ,9J6L-46P,,,,,,,,,,,
KZBR-FP2,MD6X-4TJ,MD6L-22V,MHKP-LJR,MDXZ-215,,,,,,,,,
KZBR-NYS,MR8J-8Q2,M5ZV-MFR,,,,,,,,,,,
LJT7-GSC,LJTH-7KY,,,,,,,,,,,,
LJT7-H4C,LJTQ-QDS,,,,,,,,LJTR-KPJ,LJTY-Q8M,,,
LJT8-LHR,LJTC-XCM,LJTC-FJC,,,,,,,LJT4-NZ9,LJY3-CYW,,,
LJT8-TS5,,,,,,,,,MVGL-DKD,,,,
LJTB-QHC,,,,,,,,,L5JM-SD2,,,,
LJTC-4SJ,LJT4-QJN,LJBD-MPT,,,,,,,LJT8-J33,LJTC-HFL,,,
LJTC-MRP,LJTY-NWW,,,,,,,,LJTY-P5S,,,,
LJTF-BS9,GMT9-LDQ,,,,,,,,,,,,
KZBT-6ZJ,9Q37-DWR,K4X1-92G,932N-PSW,,,,,,,,,,
KZBW-DZ9,L7JR-F9M,,,,,,,,,,,,
KZBX-11B,94G7-W2M,,,,,,,,,,,,
KZBX-QYJ,MC4S-J2K,M9H5-KHL,9763-RYT,MV1Z-6FB,MK2D-3LB,,,,,,,,
KZBY-NDW,M984-VR1,,,,,,,,K8CY-C9B,,,,
LJTF-C3X,MQKL-NZD,,,,,,,,,,,,
LJTG-P3J,LJT2-VFT,,,,,,,,,,,,
LJTN-FRL,LJTN-NM4,,,,,,,,,,,,
LJTQ-TQZ,LJTC-HDY,,,,,,,,LKZ7-F1T,LKWR-FBL,LKWR-MXW,,
LJTR-HRF,LJTR-NTS,LJT8-KWC,LJTR-CN5,LJTR-5MP,LJTT-N41,,,,,,,,
LJTS-V38,,,,,,,,,9V6B-WFT,,,,
LJTT-J3C,LJT4-4TW,LJY9-ZM3,LJT4-CSK,LJTB-4N7,,,,,LJ8C-WPV,,,,
LJTV-23Y,9HMY-BLW,,,,,,,,,,,,
LJTW-WR2,LJT5-22C,,,,,,,,LJTR-V2K,LJTW-W1G,LJTQ-JKC,LJTQ-J28,
MJ79-CRT,,,,,,,,,L42D-PB8,MJ79-C5V,MJ79-TH9,MJ79-F4B,MJ7S-WVG
MJ79-CS5,MDPF-BJF,,,,,,,,,,,,
L6DS-8FB,L6DX-681,L8TM-LFF,L8TF-M3Z,,,,,,,,,,
L6DS-HZF,L6DS-3QT,L6DQ-SFM,L8TC-LJ8,L6DZ-YCN,,,,,L6DC-S5V,,,,
L6DV-61L,,,,,,,,,L8TW-V6B,,,,
L6DV-FF1,L8T7-YFZ,L8T8-YGZ,L8TJ-BCS,L6DX-P76,L8TJ-2C7,,,,,,,,
L6DX-WYQ,L6DD-1SS,L8TM-JYX,L6D4-93Q,,,,,,L8TS-ZS7,LDGN-PBZ,,,
L6DX-WZ2,L6DN-5XL,L6DF-9JK,L8T3-XHM,,,,,,L6DK-6RY,L6DF-SMP,,,
L6DZ-XYN,L6DX-9Z9,L8TD-CXY,,,,,,,L6DX-7B1,,,,
L6F1-VXZ,L6NM-6QM,LX1J-W4F,LX1J-WRT,LCBQ-6JH,,,,,,,,,
L6F5-XY5,L843-3GX,,,,,,,,,,,,
L6F6-3YY,LJJS-YDZ,,,,,,,,,,,,
L6F7-YXQ,L2VH-CBD,,,,,,,,,,,,
L6F8-4Z7,,,,,,,,,LZJY-B99,92MQ-J2T,,,
L6F9-JDJ,L8YX-4NR,L8Y2-BNR,L6FS-91W,,,,,,L8YR-P6C,L8YR-24X,,,
L6FB-S9M,L6NS-ZV7,,,,,,,,,,,,
L6FH-V9D,L2DX-45K,,,,,,,,,,,,
MJL1-TS6,MNRJ-73Y,MNRV-9WY,MNRF-P35,,,,,,MRQW-Q8S,,,,
L6FJ-5NX,9QYR-S8M,,,,,,,,,,,,
L6FM-TCK,L6X1-5N4,L6F9-LRD,L8YP-YXX,L6FM-2X3,L6FM-TNV,,,,,,,,
L6FQ-N9C,LV3T-C95,,,,,,,,,,,,
L6FR-B9N,L6NW-7X2,LD8N-YFJ,L6FR-1ZM,L6FB-HJR,LD8Y-HBL,,,,,,,,
MJL6-BHX,LWB8-28Q,LHS6-WRL,,,,,,,MQZN-P3N,MJGG-KTH,,,
MJL6-JRZ,MJGC-7H3,MVLJ-HCL,,,,,,,,,,,
L6FR-JCP,,,,,,,,,L6FT-GMH,,,,
MJL8-352,MJL8-LFW,MJL7-NH7,,,,,,,,,,,
27GR-8B6,LQBK-VL3,27PW-QMS,LQTJ-3LP,27PQ-ZBH,,,,,L7SQ-SHQ,,,,
MJLB-Q3H,LHT3-NCC,,,,,,,,,,,,
MJLC-DRS,9ZW7-XLW,9ZW7-61T,,,,,,,,,,,
MJLG-FRM,MXLJ-JQ4,,,,,,,,,,,,
27GS-V6K,,,,,,,,,9NKL-Z8N,,,,
MJLG-G3M,LW7V-QT1,,,,,,,,MJLG-R95,,,,
MJLK-HRG,MJGW-4BM,MJLB-NFX,,,,,,,,,,,
MJLJ-3HS,MJG9-MTM,,,,,,,,,,,,
MJLN-NH4,,,,,,,,,M5HR-7JL,MGKJ-XM6,MGK2-5ZQ,L4T1-8SD,MGN5-MHD
MJLP-X33,KDMB-GHY,MJW9-76N,,,,,,,M15G-1HM,M15G-1W4,M15G-14M,,
MJLQ-2RW,M6NQ-342,,,,,,,,,,,,
MJLQ-2S8,KZR6-LP5,,,,,,,,,,,,
MJLS-3RT,,,,,,,,,MJLR-BW6,MJLV-916,,,
MJLS-M2Z,MJGS-NM2,,,,,,,,,,,,
MJLW-NQT,MDZG-56G,MJLS-VQK,MJLC-QLX,MJLQ-NMG,MJL4-NS5,,,,,,,,
MJLY-6RK,MXG3-N95,MXG3-FY9,KC8B-F52,,,,,,,,,,
MJM1-6HJ,M5LW-MQH,,,,,,,,,,,,
MJM1-WR3,KZ8V-DSD,MJM1-WPH,MJM1-WJ5,MJM1-WFP,MJM1-WK5,,,,,,,,
27GT-17P,KNVL-7GY,,,,,,,,,,,,
27GT-181,KJL4-F17,KK37-6RT,27LY-JC1,LWGD-9B4,9K22-8GR,,,,,,,,
L767-TDY,LFWZ-L7C,,,,,,,,,,,,
27GV-27M,,,,,,,,,27XM-W9C,,,,
27GX-2VJ,L7Q8-LV2,L7Z9-MTK,,,,,,,M3VF-P1F,KJV3-BLB,M4RT-TPT,,
L769-LZ5,2W9X-NC2,L7DR-NDF,2W9X-NPG,2W9Z-SX3,L7C2-H47,,,,,,,,
27GY-7KY,LW63-JRC,,,,,,,,,,,,
27GZ-3VG,MHDV-BGC,27GH-XNJ,MHDX-TW5,KGKY-S4J,,,,,,,,,
27GZ-DKK,KK39-XNF,,,,,,,,,,,,
27H5-J6V,LT6J-P83,,,,,,,,MDR2-DPF,,,,
L76B-DYS,L4RT-FRL,,,,,,,,,,,,
L76C-ZDG,,,,,,,,,KLS8-MFD,,,,
27HV-56J,,,,,,,,,MXVD-BH6,,,,
L76D-NDR,,,,,,,,,L76C-CGT,,,,
L76G-317,,,,,,,,,LBH3-M6R,,,,
27J1-4TP,,,,,,,,,KKSX-M35,L8SH-5HY,KK9B-K7D,,
L76H-XNN,,,,,,,,,9ZM9-51J,,,,
27J1-561,LZYR-CFH,,,,,,,,,,,,
27J1-N57,KNP8-HJX,KN2R-DL7,,,,,,,,,,,
27J2-ZSH,,,,,,,,,MXF4-TS5,,,,
27J3-5TM,27JM-VGB,L4NC-16N,27JS-VQZ,LW3D-3LF,,,,,,,,,
27J3-NT4,M2TW-WNF,M2YT-SBB,M2YD-LVJ,M2TV-FJW,K2KX-L6K,,,,,,,,
27J5-6TJ,MQHW-V8P,,,,,,,,,,,,
27J7-7TG,,,,,,,,,MJRB-KVS,,,,
27J7-Q4M,K2PX-7QP,27J2-Z87,,,,,,,,,,,
27J8-DSX,KDM9-7T1,KV55-M72,,,,,,,,,,,
27J8-DT9,27JH-MG9,,,,,,,,,,,,
27J9-QSJ,,,,,,,,,MVZY-37T,,,,
27JB-15C,MYHG-3G8,,,,,,,,,,,,
27JB-ZHM,,,,,,,,,KG2Z-JDX,LJJP-ZCZ,,,
27JC-5J3,9H43-DH5,M9J8-HNT,K22N-PPS,9KVR-HNY,,,,,K6H2-71Q,,,,
27JC-VRZ,LWHZ-3K5,LWHZ-MTD,27J8-4RT,LWHC-LBL,K2KW-NTT,,,,,,,,
27JD-JSF,K252-H5W,KVY4-2F4,KVY4-2FZ,,,,,,,,,,
27JF-L4C,KL47-C4B,,,,,,,,,,,,
MJKG-CT1,LW5Q-Z1D,,,,,,,,,,,,
MJKG-D4P,K6MT-451,,,,,,,,,,,,
MJKJ-959,MJKJ-9R9,,,,,,,,K8R5-84X,,,,
MJKL-9T6,L7N4-NJJ,,,,,,,,,,,,
MJKL-JHY,,,,,,,,,ML4Z-VWX,KZKL-W9G,,,
MJKM-G4G,27PL-7NS,,,,,,,,,,,,
MJKR-V3R,MV6L-TW8,,,,,,,,KH21-BD4,,,,
MJKR-V43,MXXQ-TMZ,MXXQ-VC2,,,,,,,,,,,
MJKS-14W,LDFL-WJF,,,,,,,,,,,,
MJKY-M45,KD9G-NJ2,,,,,,,,MJ25-3LV,,,,
LD9V-QN8,LD9Q-XNC,LD9L-5VJ,LD9C-QVG,,,,,,LD96-3R2,LD96-Q2X,,,
MJM2-33W,MJMR-9J5,K8X2-D1T,MJMP-7CK,MHD5-N5J,,,,,MSCC-5PR,,,,
L75F-TP5,,,,,,,,,L58G-6FB,,,,
L75G-PZB,LCHY-J7B,,,,,,,,LCHK-KTQ,LCGP-RTG,LCQY-JPY,LCH2-412,
L75H-DZM,L7KL-FJ1,,,,,,,,LCQ5-HC3,,,,
L75J-5FF,L75J-GM4,,,,,,,,,,,,
L75K-1PS,L431-G8N,,,,,,,,,,,,
L75K-224,L752-855,,,,,,,,LHMB-3T4,,,,
LD9V-Z8Y,LD9Z-MGB,LD9Z-LY7,,,,,,,,,,,
L75L-6FC,,,,,,,,,L75P-4B1,,,,
LD9X-1DL,LD9W-7SQ,LD9G-822,LD9W-9RY,,,,,,,,,,
L75M-2Q1,L2V4-9L1,,,,,,,,,,,,
LD9X-9NN,LD9J-9R7,LD9S-P6L,LD9X-MD5,LD9S-PKF,,,,,,,,,
LD9X-JCR,LD94-7NX,L2TK-ZL4,,,,,,,L2TK-8TL,,,,
LD9X-JD3,LD9G-QGT,LD9Q-F5Q,,,,,,,LD9G-VH2,LD94-W74,LD9Q-XTT,,
LD9X-RMT,LD94-T1Z,LD9X-G2D,,,,,,,,,,,
LD9X-ZWV,LD9L-73W,LD9W-DB9,LD9X-CBV,LD9V-TGP,LD9F-KTJ,,,,,,,,
LD9X-ZX7,LD93-D14,,,,,,,,,,,,
LD9Z-C9M,LD9H-54T,,,,,,,,LD9V-V5V,LD9X-DZF,LD9N-KG2,LD9D-B43,
L75N-GZD,L75N-25W,L75J-RDQ,L75V-7NL,,,,,,,,,,
LDB1-MFB,LD1H-PG1,,,,,,,,,,,,
L75Q-51J,LH59-B4J,L492-T7R,L492-N2L,,,,,,,,,,
LDB3-5FX,LDBQ-MMM,LDYK-XPJ,,,,,,,L1P3-4XM,LDFF-D3K,L1PM-YHW,,
L75Q-N11,L75Q-B7Q,L757-BDW,L7R1-K9N,,,,,,,,,,
LDB4-22F,,,,,,,,,LW9B-34X,,,,
LDB4-RZN,LD2Z-1FX,,,,,,,,,,,,
LDB6-32C,L84L-X7P,,,,,,,,L84L-5TD,,,,
LDB6-CFG,,,,,,,,,LDBD-K16,,,,
LDB6-SZK,LDB8-LTH,LDBD-BXY,LDBD-5SC,LDBX-FN9,,,,,LDBF-M5N,,,,
LDB7-PF9,,,,,,,,,9H9C-VBT,KG2F-XKP,LCPG-BC1,,
LDB8-DFD,LDB8-D6K,,,,,,,,,,,,
LDB8-M1F,LDB6-SHC,LDBF-FZG,LDBF-FWP,LDB6-39Q,,,,,,,,,
LDB8-TZH,LDB8-5SD,L84L-6TJ,LDBD-NM1,LDB8-L96,LDB8-6H1,,,,,,,,
L75S-5PG,LHPY-23J,L7Y6-MLC,LZSP-CXQ,,,,,,LWFB-1MC,,,,
L75T-BP9,L755-XNM,L75P-85X,,,,,,,,,,,
M9QG-5HQ,M9QT-25M,M9QG-MKG,M9QV-W5F,M9QL-M6H,,,,,M9QJ-KYC,,,,
L75T-C19,L7VJ-D9F,L7KB-SQT,,,,,,,L7T9-FPM,L7RB-Q76,,,
M9QG-NGW,MPHY-ZQX,,,,,,,,,,,,
M9QG-NH8,M4VX-66L,,,,,,,,,,,,
M9QH-BHC,,,,,,,,,,,,,
L75V-2ZQ,,,,,,,,,L7RV-QCW,L75K-DTP,,,
L75V-CP6,L75J-8ZJ,,,,,,,,,,,,
L75V-D16,,,,,,,,,L8JY-ZQW,L8JB-4W7,L888-H66,L6Y1-675,L6Y1-66H
L75V-KYW,L7KL-SZK,L6K8-WNY,,,,,,,,,,,
L75V-KZ8,L7TQ-GVB,L7TQ-2P1,L7T7-4P2,,,,,,,,,,
L75X-DP3,,,,,,,,,L75K-ZPJ,,,,
L75X-LYT,L75X-RRC,L7KR-NDJ,L7KW-SLQ,,,,,,L75X-KC2,,,,
L75Y-YYF,L751-YT7,,,,,,,,,,,,
L75Z-4ZK,LHPB-4R6,,,,,,,,,,,,
L75Z-MYQ,L75J-S2G,L75J-4KK,,,,,,,,,,,
L75Z-MZ2,L75C-PTT,L75Z-THL,L75Z-5PM,,,,,,,,,,
L75Z-VDS,,,,,,,,,LWNC-M82,,,,
L762-4PJ,LW1P-54B,LW15-63B,MF51-NYT,,,,,,,,,,
L767-KYW,L76W-K3B,L76W-K4D,,,,,,,,,,,
L767-KZ8,MH84-XRP,,,,,,,,,,,,