PID1,PID2,B1,B2,PB,D1,D2,PD,PRODUCT,AVERAGE,DUPLICATE,
MRFD-YCB,MRF4-6J3,missing,missing,0.5,missing,missing,0.5,0.25,0.5,Y,
KCSZ-SL7,MSHZ-YKZ,A+1681,missing,0.5,missing,missing,0.5,0.25,0.5,Y,
L6DV-FF1,L8T7-YFZ,missing,missing,0.5,missing,missing,0.5,0.25,0.5,Y,
9JNR-YWV,9JNY-XGN,missing,missing,0.5,missing,missing,0.5,0.25,0.5,N,
LJT8-TS5,MVGL-DKD,missing,missing,0.5,missing,missing,0.5,0.25,0.5,N,
MR9V-3NZ,LZ3W-JTZ,missing,missing,0.5,missing,missing,0.5,0.25,0.5,Y,
98GH-ZMN,9JGP-R3S,missing,missing,0.5,missing,missing,0.5,0.25,0.5,Y,
98G7-4YQ,9JYJ-WJL,missing,missing,0.5,missing,missing,0.5,0.25,0.5,Y,
MPW5-ZCM,MPW5-ZDD,missing,missing,0.5,missing,missing,0.5,0.25,0.5,Y,
9891-SGX,L7NN-95Q,missing,missing,0.5,missing,missing,0.5,0.25,0.5,Y,
KZB1-BQ8,9S3S-PL9,+1800-06-25,missing,0.5,+1870-04-23,missing,0.5,0.25,0.5,Y,
LJTN-FRL,LJTN-NM4,missing,missing,0.5,+2012-10,+2012-10,1.0,0.5,0.75,Y,
KCT1-W7H,LB2K-6JF,+1773-12-22,missing,0.5,+1779-09-12,missing,0.5,0.25,0.5,N,
MRDK-ZYN,MPFD-9PJ,missing,missing,0.5,missing,missing,0.5,0.25,0.5,N,
KLWW-BNX,KLWR-R5K,missing,missing,0.5,missing,missing,0.5,0.25,0.5,Y,
L6DV-FF1,L8T8-YGZ,missing,missing,0.5,missing,missing,0.5,0.25,0.5,Y,
KZBM-81F,K87M-DYJ,missing,missing,0.5,missing,missing,0.5,0.25,0.5,Y,
L6F6-3YY,LJJS-YDZ,missing,+1851,0.5,missing,missing,0.5,0.25,0.5,Y,
9JNN-GCX,M9QR-CMH,missing,missing,0.5,missing,missing,0.5,0.25,0.5,Y,
MJ5T-WSD,K86Z-L1M,missing,missing,0.5,missing,missing,0.5,0.25,0.5,N,
KZBB-FZL,MPB1-PDN,missing,+1706-11-11,0.5,missing,missing,0.5,0.25,0.5,Y,
KCT6-LVM,99ZS-WQQ,missing,missing,0.5,missing,missing,0.5,0.25,0.5,N,
98GH-ZMN,98GH-DBQ,missing,missing,0.5,missing,missing,0.5,0.25,0.5,Y,
KZBP-MYV,K6MT-2CJ,missing,missing,0.5,missing,missing,0.5,0.25,0.5,Y,
MR8G-283,MR8G-SB5,missing,missing,0.5,missing,missing,0.5,0.25,0.5,Y,
MR9Q-5DS,K42D-7ZH,missing,missing,0.5,missing,missing,0.5,0.25,0.5,N,
9JNR-YWV,9DZN-2XG,missing,missing,0.5,missing,missing,0.5,0.25,0.5,N,
98G7-4YQ,96HH-LFY,missing,missing,0.5,missing,missing,0.5,0.25,0.5,Y,
MJ6C-F4H,K83R-3C2,missing,missing,0.5,missing,missing,0.5,0.25,0.5,Y,
MPWG-9NG,M226-LRQ,missing,missing,0.5,missing,missing,0.5,0.25,0.5,Y,
MRB3-R1J,MRB3-RBG,missing,missing,0.5,missing,missing,0.5,0.25,0.5,N,
MJ6F-T3V,KH6Q-XJ6,missing,missing,0.5,missing,missing,0.5,0.25,0.5,Y,
MJ71-XRG,KZGJ-73V,missing,A+1777,0.5,missing,missing,0.5,0.25,0.5,Y,
MPX1-1NF,MPX1-1KP,missing,missing,0.5,missing,missing,0.5,0.25,0.5,Y,
LJTW-WR2,LJT5-22C,missing,missing,0.5,missing,missing,0.5,0.25,0.5,Y,
MR9V-3NZ,KNPP-J91,missing,missing,0.5,missing,missing,0.5,0.25,0.5,Y,
MPWP-9XH,M22V-8SY,missing,+1846-09-12,0.5,missing,missing,0.5,0.25,0.5,Y,
9JN9-YY1,KG4M-PVN,+1882-05-04,+1882-05-04,1.0,missing,missing,0.5,0.5,0.75,Y,
MR91-C6W,MYG7-GHQ,missing,missing,0.5,missing,missing,0.5,0.25,0.5,N,
9891-SGX,L7NN-9LZ,missing,missing,0.5,missing,missing,0.5,0.25,0.5,Y,
MPW5-ZCM,MPW5-Z7C,missing,+1207,0.5,missing,missing,0.5,0.25,0.5,Y,
MJ6R-QHB,M6KX-NCL,missing,missing,0.5,missing,missing,0.5,0.25,0.5,Y,
9JNG-H9T,9JNF-J3P,missing,missing,0.5,missing,missing,0.5,0.25,0.5,Y,
L6DV-FF1,L8TJ-BCS,missing,missing,0.5,missing,missing,0.5,0.25,0.5,Y,
KLWW-BNX,M7TS-H4R,missing,missing,0.5,missing,missing,0.5,0.25,0.5,N,
KZBM-81F,KZ1C-VWH,missing,missing,0.5,missing,missing,0.5,0.25,0.5,Y,
989Z-K2B,L447-7JJ,missing,+1867-07,0.5,missing,+1920,0.5,0.25,0.5,N,
9JNN-GCX,M97Q-ZN1,missing,missing,0.5,missing,missing,0.5,0.25,0.5,Y,
MRDR-QZ1,MRD7-MB7,missing,missing,0.5,missing,missing,0.5,0.25,0.5,Y,
MJ5T-WSD,KKSW-SX4,missing,missing,0.5,missing,missing,0.5,0.25,0.5,N,
KZBB-FZL,MC2V-2WQ,missing,+1706-11-11,0.5,missing,missing,0.5,0.25,0.5,Y,
KZBW-DZ9,L7JR-F9M,+1834,+1835,0.6666666666666666,missing,missing,0.5,0.3333333333333333,0.5833333333333333,Y,
98GH-ZMN,96S3-BSN,missing,missing,0.5,missing,missing,0.5,0.25,0.5,N,
MR9Q-5DS,948R-TLG,missing,missing,0.5,missing,missing,0.5,0.25,0.5,N,
MPWP-9XH,M22V-89V,missing,+1844-09-07,0.5,missing,missing,0.5,0.25,0.5,Y,
9JNR-YWV,9DZN-GQG,missing,missing,0.5,missing,missing,0.5,0.25,0.5,N,
LJTW-WR2,LJTR-V2K,missing,missing,0.5,missing,missing,0.5,0.25,0.5,N,
MJ71-XRG,KZLZ-NVJ,missing,A+1777,0.5,missing,missing,0.5,0.25,0.5,Y,
MRDL-FP8,L42T-RG3,missing,missing,0.5,missing,missing,0.5,0.25,0.5,Y,
KZBM-81F,MBSW-ZS5,missing,missing,0.5,missing,missing,0.5,0.25,0.5,Y,
L6DV-FF1,L6DX-P76,missing,missing,0.5,missing,missing,0.5,0.25,0.5,Y,
KCT2-BM2,MRMD-6PN,missing,missing,0.5,missing,missing,0.5,0.25,0.5,Y,
LJTQ-TQZ,LJTC-HDY,missing,missing,0.5,missing,missing,0.5,0.25,0.5,Y,
KLWW-BNX,KL7G-77V,missing,missing,0.5,missing,missing,0.5,0.25,0.5,N,
L6F7-YXQ,L2VH-CBD,+1995-06-20,+1995-06-20,1.0,missing,+1995-06-21,0.5,0.5,0.75,Y,
9JNG-H9T,982M-793,missing,missing,0.5,missing,missing,0.5,0.25,0.5,Y,
9891-SGX,9891-SGP,missing,missing,0.5,missing,missing,0.5,0.25,0.5,Y,
MR8G-283,MR8L-5TX,missing,missing,0.5,missing,missing,0.5,0.25,0.5,Y,
MRDR-QZ1,MR4G-3HJ,missing,missing,0.5,missing,missing,0.5,0.25,0.5,Y,
9JNN-GCX,M976-KRJ,missing,missing,0.5,missing,missing,0.5,0.25,0.5,Y,
MJ5T-WSD,MTJ4-QC5,missing,missing,0.5,missing,missing,0.5,0.25,0.5,N,
MPX4-H97,MPXW-VPJ,missing,missing,0.5,missing,missing,0.5,0.25,0.5,Y,
LJTB-QHC,L5JM-SD2,missing,missing,0.5,missing,+1879-08-18,0.5,0.25,0.5,N,
MPWH-FMX,MDHZ-18Q,missing,missing,0.5,missing,missing,0.5,0.25,0.5,Y,
98GH-ZMN,KHR2-NP5,missing,missing,0.5,missing,missing,0.5,0.25,0.5,N,
987H-PYT,987C-2BJ,missing,missing,0.5,missing,missing,0.5,0.25,0.5,Y,
KZB1-C1W,LY5X-7R4,missing,missing,0.5,missing,missing,0.5,0.25,0.5,Y,
98G7-VCY,99BY-FQ3,missing,missing,0.5,missing,missing,0.5,0.25,0.5,Y,
MRDL-FP8,MRCR-61K,missing,missing,0.5,missing,missing,0.5,0.25,0.5,Y,
MJ6D-9SS,MJY5-74X,missing,missing,0.5,missing,missing,0.5,0.25,0.5,N,
MPWP-9XH,M22J-22G,missing,+1834-06-18,0.5,missing,missing,0.5,0.25,0.5,N,
LJTQ-TQZ,LKZ7-F1T,missing,missing,0.5,missing,missing,0.5,0.25,0.5,N,
KZBM-81F,9NWB-LCG,missing,missing,0.5,missing,missing,0.5,0.25,0.5,Y,
MJ71-XRG,K8FV-S38,missing,A+1777,0.5,missing,missing,0.5,0.25,0.5,Y,
MR8G-283,L5DY-KVP,missing,+1808-05-18,0.5,missing,+1896-04-02,0.5,0.25,0.5,N,
LJTW-WR2,LJTW-W1G,missing,missing,0.5,missing,missing,0.5,0.25,0.5,N,
9JNB-ZCQ,9ND7-MNV,missing,missing,0.5,missing,missing,0.5,0.25,0.5,Y,
9JNR-YWV,9JNB-DXP,missing,missing,0.5,missing,missing,0.5,0.25,0.5,N,
KLWW-BNX,KL71-PVW,missing,missing,0.5,missing,missing,0.5,0.25,0.5,N,
MRDR-QZ1,MRDV-8GW,missing,missing,0.5,missing,missing,0.5,0.25,0.5,Y,
KCT6-M7M,MHCB-KTJ,A+1770,missing,0.5,missing,missing,0.5,0.25,0.5,Y,
MR9Q-5DS,KH65-RQC,missing,missing,0.5,missing,missing,0.5,0.25,0.5,N,
9JNN-GCX,M9QG-H29,missing,missing,0.5,missing,missing,0.5,0.25,0.5,Y,
MPW7-JNF,MPWK-LHN,missing,missing,0.5,missing,missing,0.5,0.25,0.5,Y,
9JNG-H9T,KH2Z-S3L,missing,missing,0.5,missing,missing,0.5,0.25,0.5,Y,
9891-SGX,9891-SG2,missing,missing,0.5,missing,missing,0.5,0.25,0.5,Y,
98BG-WRR,LZ37-PY3,+1796-04-15,missing,0.5,+1862-06-02,missing,0.5,0.25,0.5,N,
KLWX-WXL,L73T-KR3,missing,missing,0.5,missing,missing,0.5,0.25,0.5,Y,
L6DV-FF1,L8TJ-2C7,missing,missing,0.5,missing,missing,0.5,0.25,0.5,Y,
KCT2-BM2,MLQT-NX7,missing,missing,0.5,missing,missing,0.5,0.25,0.5,N,
KZBP-MYV,9J6L-46P,missing,missing,0.5,missing,missing,0.5,0.25,0.5,Y,
KZBX-11B,94G7-W2M,A+1863,A+1863,1.0,missing,missing,0.5,0.5,0.75,Y,
MPX4-H97,KCWC-Z46,missing,missing,0.5,missing,missing,0.5,0.25,0.5,Y,
MPWH-FMX,MPW8-PMD,missing,missing,0.5,missing,missing,0.5,0.25,0.5,N,
987H-PYT,987H-1F8,missing,missing,0.5,missing,missing,0.5,0.25,0.5,Y,
MRFF-8Y7,L4NC-8CG,missing,missing,0.5,missing,missing,0.5,0.25,0.5,Y,
98G7-VCY,98G7-KGD,missing,missing,0.5,missing,missing,0.5,0.25,0.5,Y,
KZB1-C1W,K4D1-TR5,missing,missing,0.5,missing,missing,0.5,0.25,0.5,Y,
KZBM-81F,MHQN-95F,missing,missing,0.5,missing,missing,0.5,0.25,0.5,Y,
MRDL-FP8,MRDK-KZZ,missing,missing,0.5,missing,missing,0.5,0.25,0.5,Y,
MJ6D-9SS,MP2F-PYS,missing,missing,0.5,missing,missing,0.5,0.25,0.5,N,
MPWP-9XH,MPWP-6J5,missing,missing,0.5,missing,missing,0.5,0.25,0.5,N,
LJTQ-TQZ,LKWR-FBL,missing,missing,0.5,missing,missing,0.5,0.25,0.5,N,
MR91-C78,K872-J62,missing,A+1624,0.5,missing,missing,0.5,0.25,0.5,Y,
LJTW-WR2,LJTQ-JKC,missing,missing,0.5,missing,missing,0.5,0.25,0.5,N,
KLWW-BNX,MLMQ-TQC,missing,missing,0.5,missing,missing,0.5,0.25,0.5,N,
9JNB-ZCQ,9ND7-SS4,missing,missing,0.5,missing,missing,0.5,0.25,0.5,Y,
KCT6-M7M,M2VJ-F9B,A+1770,A+1770,1.0,missing,missing,0.5,0.5,0.75,Y,
MRDR-QZ1,MRHZ-JVG,missing,+1791,0.5,missing,+1871,0.5,0.25,0.5,N,
9891-SGX,L7NN-9GX,missing,missing,0.5,missing,missing,0.5,0.25,0.5,Y,
MPW7-JNF,MPWK-S45,missing,missing,0.5,missing,missing,0.5,0.25,0.5,Y,
L6F8-4Z7,LZJY-B99,+1898,A+1884,0.0,missing,missing,0.5,0.0,0.25,N,
LJTC-4SJ,LJT4-QJN,missing,missing,0.5,missing,missing,0.5,0.25,0.5,Y,
98GL-L9D,KGQW-LPB,missing,missing,0.5,missing,missing,0.5,0.25,0.5,Y,
987H-PYT,987C-3ZC,missing,missing,0.5,missing,missing,0.5,0.25,0.5,Y,
MJ5Y-55C,MJ5Y-6D8,missing,missing,0.5,missing,missing,0.5,0.25,0.5,N,
MPX4-H97,MMXB-THV,missing,missing,0.5,missing,missing,0.5,0.25,0.5,Y,
MJ6G-GSB,9QM3-ZBP,missing,+1825-08-15,0.5,missing,missing,0.5,0.25,0.5,Y,
9JNG-H9T,9JNX-F8G,missing,missing,0.5,missing,missing,0.5,0.25,0.5,Y,
MJ6V-BS8,KWJ4-4SW,missing,+1809-08-25,0.5,missing,+1873-06-10,0.5,0.25,0.5,Y,
MJ71-XRG,KHZV-5ZG,missing,A+1768,0.5,missing,missing,0.5,0.25,0.5,N,
KCT6-M7M,MSTX-KHH,A+1770,A+1770,1.0,missing,missing,0.5,0.5,0.75,Y,
MJ6D-9SS,MG6L-2LX,missing,missing,0.5,missing,missing,0.5,0.25,0.5,N,
9JNR-Z97,9JNR-H1N,missing,missing,0.5,missing,missing,0.5,0.25,0.5,Y,
LJTQ-TQZ,LKWR-MXW,missing,missing,0.5,missing,missing,0.5,0.25,0.5,N,
KZB1-C1W,9SXG-NGS,missing,missing,0.5,missing,missing,0.5,0.25,0.5,Y,
LJTW-WR2,LJTQ-J28,missing,missing,0.5,missing,missing,0.5,0.25,0.5,N,
MRF7-W9G,MKNG-PWJ,missing,missing,0.5,missing,missing,0.5,0.25,0.5,N,
MRDN-6ZP,MRDN-6CR,missing,missing,0.5,missing,missing,0.5,0.25,0.5,Y,
KCT4-2WJ,KHCF-B2M,missing,missing,0.5,missing,missing,0.5,0.25,0.5,N,
L6DX-WYQ,L6DD-1SS,missing,missing,0.5,missing,missing,0.5,0.25,0.5,Y,
MRFF-8Y7,L4NX-LMX,missing,missing,0.5,missing,missing,0.5,0.25,0.5,Y,
98GL-L9D,MH3N-7L4,missing,missing,0.5,missing,missing,0.5,0.25,0.5,Y,
9JNB-ZCQ,M36L-CPV,missing,A+1600,0.5,missing,/+1674,0.5,0.25,0.5,Y,
MR91-C78,KZQV-R1D,missing,missing,0.5,missing,missing,0.5,0.25,0.5,Y,
KZBX-QYJ,MC4S-J2K,A+1771,missing,0.5,missing,missing,0.5,0.25,0.5,Y,
KZBB-WP1,MQ39-VKL,missing,missing,0.5,missing,missing,0.5,0.25,0.5,Y,
KZBR-FP2,MD6X-4TJ,missing,missing,0.5,missing,missing,0.5,0.25,0.5,Y,
987H-PYT,987H-Z6Y,missing,missing,0.5,missing,missing,0.5,0.25,0.5,Y,
9JNP-HD6,K4V7-53M,missing,missing,0.5,missing,missing,0.5,0.25,0.5,Y,
L6F8-4Z7,92MQ-J2T,+1898,+1887-03-06,0.0,missing,+1922,0.5,0.0,0.25,N,
MPWJ-6XQ,MPWJ-XVG,+1834-09-07,+1834-09-07,1.0,missing,missing,0.5,0.5,0.75,Y,
MPW7-JNF,MPWS-FRC,missing,missing,0.5,missing,missing,0.5,0.25,0.5,Y,
MPX4-H97,MJVK-7X8,missing,missing,0.5,missing,missing,0.5,0.25,0.5,Y,
9JNG-H9T,MGXX-R4P,missing,missing,0.5,missing,missing,0.5,0.25,0.5,Y,
MJ5Y-55C,MJ51-HH6,missing,missing,0.5,missing,missing,0.5,0.25,0.5,N,
MRDL-FP8,L5JH-DXM,missing,+1804,0.5,missing,+1885-04-15,0.5,0.25,0.5,N,
MJ6D-9SS,MV7R-VZ9,missing,missing,0.5,missing,missing,0.5,0.25,0.5,N,
MPWS-7CR,MPZ6-88F,missing,missing,0.5,missing,missing,0.5,0.25,0.5,Y,
9893-CS2,9893-Z85,missing,missing,0.5,missing,missing,0.5,0.25,0.5,Y,
MRDN-6ZP,MRHM-DMT,missing,missing,0.5,missing,missing,0.5,0.25,0.5,Y,
KLX4-QDC,9XPR-7MK,+1853-11-01,missing,0.5,+1911-03-03,missing,0.5,0.25,0.5,Y,
MRFF-8Y7,KJKJ-FVM,missing,missing,0.5,missing,missing,0.5,0.25,0.5,Y,
9JNR-Z97,9JNR-85V,missing,missing,0.5,missing,missing,0.5,0.25,0.5,Y,
KZBB-WP1,MQSH-DK6,missing,missing,0.5,missing,missing,0.5,0.25,0.5,Y,
KZBR-FP2,MD6L-22V,missing,missing,0.5,missing,missing,0.5,0.25,0.5,Y,
98G8-RNG,LDYR-76X,missing,+1846,0.5,missing,missing,0.5,0.25,0.5,Y,
KZB3-CQ5,9NSM-HNL,+1749,+1739-05-27,0.0,missing,+1795-04-28,0.5,0.0,0.25,N,
MPW7-JNF,MPWC-J6N,missing,missing,0.5,missing,missing,0.5,0.25,0.5,Y,
KZBX-QYJ,M9H5-KHL,A+1771,missing,0.5,missing,missing,0.5,0.25,0.5,Y,
9JNP-HD6,9JNP-ZCC,missing,missing,0.5,missing,missing,0.5,0.25,0.5,Y,
MR8P-C78,KVY7-B4D,missing,missing,0.5,missing,missing,0.5,0.25,0.5,Y,
KZB5-LZS,L7TP-7NZ,+1883-02-25,+1883-02-25,1.0,missing,+1959-04-09,0.5,0.5,0.75,Y,
MJ6M-1SR,M3X1-SZW,missing,missing,0.5,missing,missing,0.5,0.25,0.5,Y,
MJ72-44L,MD51-MXT,missing,missing,0.5,missing,missing,0.5,0.25,0.5,Y,
MPWS-7CR,MPZF-VPC,missing,missing,0.5,missing,missing,0.5,0.25,0.5,Y,
9893-CS2,9893-8N4,missing,missing,0.5,missing,missing,0.5,0.25,0.5,Y,
L6DX-WYQ,L8TM-JYX,missing,missing,0.5,missing,missing,0.5,0.25,0.5,Y,
MRDL-FP8,LC2C-2R1,missing,+1801-04-30,0.5,missing,missing,0.5,0.25,0.5,N,
KZB1-C28,K6FY-W26,A+1690,missing,0.5,missing,missing,0.5,0.25,0.5,N,
MJ79-CRT,L42D-PB8,missing,missing,0.5,missing,missing,0.5,0.25,0.5,N,
MR9R-9YC,L45S-5CZ,missing,missing,0.5,missing,missing,0.5,0.25,0.5,N,
KLX4-QDC,L4RJ-DQF,+1853-11-01,missing,0.5,+1911-03-03,missing,0.5,0.25,0.5,Y,
MRFF-8Y7,KJ2Z-6XX,missing,missing,0.5,missing,missing,0.5,0.25,0.5,Y,
KCT4-38J,MXV6-5XR,missing,missing,0.5,missing,missing,0.5,0.25,0.5,Y,
MRDN-6ZP,MRC6-M4K,missing,missing,0.5,missing,missing,0.5,0.25,0.5,Y,
LJTC-4SJ,LJBD-MPT,missing,missing,0.5,missing,missing,0.5,0.25,0.5,Y,
KZBR-FP2,MHKP-LJR,missing,missing,0.5,missing,missing,0.5,0.25,0.5,Y,
987W-6SY,9874-8RM,missing,missing,0.5,missing,missing,0.5,0.25,0.5,N,
LJTR-HRF,LJTR-NTS,missing,missing,0.5,missing,missing,0.5,0.25,0.5,Y,
KZBX-QYJ,9763-RYT,A+1771,missing,0.5,missing,missing,0.5,0.25,0.5,Y,
9JNP-HD6,9KC7-JKH,missing,missing,0.5,missing,missing,0.5,0.25,0.5,Y,
98GL-TCF,9H45-YPF,missing,A+1869,0.5,missing,missing,0.5,0.25,0.5,Y,
MPW7-JNF,MPWV-1LQ,missing,missing,0.5,missing,missing,0.5,0.25,0.5,Y,
MJ6D-JHW,9NNT-CLH,missing,+1870-03-02,0.5,missing,missing,0.5,0.25,0.5,Y,
L6DX-WYQ,L6D4-93Q,missing,missing,0.5,missing,missing,0.5,0.25,0.5,Y,
9JNB-ZD2,MTXT-7QD,missing,missing,0.5,missing,missing,0.5,0.25,0.5,N,
MPWJ-P8W,MPWJ-P4Z,+1572,+1572,1.0,missing,missing,0.5,0.5,0.75,Y,
9JNG-XMX,9JNL-4P8,missing,missing,0.5,missing,missing,0.5,0.25,0.5,Y,
9JNS-MXB,9JNS-461,missing,missing,0.5,missing,missing,0.5,0.25,0.5,Y,
L6F9-JDJ,L8YX-4NR,missing,missing,0.5,missing,missing,0.5,0.25,0.5,Y,
MJ64-JSR,97Q7-FJY,missing,missing,0.5,missing,missing,0.5,0.25,0.5,Y,
KLX4-QDC,96C6-GW8,+1853-11-01,missing,0.5,+1911-03-03,missing,0.5,0.25,0.5,Y,
KZB1-C28,K6NQ-56K,A+1690,missing,0.5,missing,missing,0.5,0.25,0.5,N,
MRDN-6ZP,MRHB-ZG8,missing,missing,0.5,missing,missing,0.5,0.25,0.5,Y,
KCT7-8M7,LLC2-7RN,missing,missing,0.5,missing,missing,0.5,0.25,0.5,Y,
MRFF-8Y7,MVHD-LMM,missing,missing,0.5,missing,missing,0.5,0.25,0.5,Y,
MPWS-7CR,MPHF-WBQ,missing,missing,0.5,missing,missing,0.5,0.25,0.5,Y,
MR8P-C78,9DGP-5B7,missing,missing,0.5,missing,missing,0.5,0.25,0.5,Y,
MPX5-TWH,9DF2-G9Y,missing,missing,0.5,missing,missing,0.5,0.25,0.5,Y,
LJTC-4SJ,LJT8-J33,missing,missing,0.5,missing,missing,0.5,0.25,0.5,N,
KLX1-SXX,LRXQ-B2V,+1892-04-24,+1892-04-24,1.0,+1980-01,+1980-01-19,1.0,1.0,1.0,Y,
KZBR-FP2,MDXZ-215,missing,missing,0.5,missing,missing,0.5,0.25,0.5,Y,
MR91-C78,MH3C-VZM,missing,missing,0.5,missing,missing,0.5,0.25,0.5,Y,
LJTR-HRF,LJT8-KWC,missing,missing,0.5,missing,missing,0.5,0.25,0.5,Y,
MJ6M-1T3,MJ5H-N89,missing,missing,0.5,missing,missing,0.5,0.25,0.5,N,
L6DX-WYQ,L8TS-ZS7,missing,missing,0.5,missing,missing,0.5,0.25,0.5,N,
9JNG-XMX,9NDG-PNP,missing,missing,0.5,missing,missing,0.5,0.25,0.5,Y,
KZBX-QYJ,MV1Z-6FB,A+1771,missing,0.5,missing,missing,0.5,0.25,0.5,Y,
MRDL-NYY,99HZ-RK7,missing,missing,0.5,missing,missing,0.5,0.25,0.5,Y,
98G9-FNR,9JPH-13Z,missing,missing,0.5,missing,missing,0.5,0.25,0.5,Y,
9JNB-ZD2,9VZ9-LW7,missing,missing,0.5,missing,missing,0.5,0.25,0.5,N,
987W-6SY,987H-Q6F,missing,missing,0.5,missing,missing,0.5,0.25,0.5,N,
KZB6-QPC,M2J4-BML,missing,missing,0.5,missing,missing,0.5,0.25,0.5,Y,
MRDN-6ZP,MR8G-TKN,missing,missing,0.5,missing,missing,0.5,0.25,0.5,Y,
MJ76-64F,KZ9T-NM6,missing,missing,0.5,missing,missing,0.5,0.25,0.5,Y,
KLX4-QDC,L4RF-616,+1853-11-01,missing,0.5,+1911-03-03,missing,0.5,0.25,0.5,Y,
MPWS-7CR,KHW8-R8V,missing,missing,0.5,missing,missing,0.5,0.25,0.5,Y,
9894-PRC,L48N-7HP,+1893-08-05,+1893-08-05,1.0,missing,missing,0.5,0.5,0.75,Y,
MRF8-JY3,97SZ-Q98,missing,missing,0.5,missing,missing,0.5,0.25,0.5,Y,
9JNS-MXB,9KHJ-316,missing,missing,0.5,missing,missing,0.5,0.25,0.5,Y,
MJ6W-6SC,MJFP-7LC,missing,A+1834,0.5,missing,+1870,0.5,0.25,0.5,Y,
98BH-358,K6HG-RGL,missing,+1815,0.5,missing,missing,0.5,0.25,0.5,N,
LJTR-HRF,LJTR-CN5,missing,missing,0.5,missing,missing,0.5,0.25,0.5,Y,
L6DX-WYQ,LDGN-PBZ,missing,missing,0.5,missing,missing,0.5,0.25,0.5,N,
MR91-C78,M13G-FLS,missing,missing,0.5,missing,missing,0.5,0.25,0.5,Y,
MPW7-RXH,275M-MNW,missing,missing,0.5,missing,missing,0.5,0.25,0.5,Y,
9JNP-Y8Y,9JNP-KC4,missing,missing,0.5,missing,missing,0.5,0.25,0.5,Y,
LJTC-4SJ,LJTC-HFL,missing,missing,0.5,missing,missing,0.5,0.25,0.5,N,
MJ79-CRT,MJ79-C5V,missing,missing,0.5,missing,missing,0.5,0.25,0.5,N,
KZB6-QPC,M2JH-M68,missing,missing,0.5,missing,missing,0.5,0.25,0.5,Y,
98GR-FN9,KFLK-FC2,A+1891,A+1891,1.0,missing,missing,0.5,0.5,0.75,Y,
MPX6-HX4,MRZG-BDV,missing,+1763,0.5,missing,missing,0.5,0.25,0.5,Y,
987W-6SY,987W-FPV,missing,missing,0.5,missing,missing,0.5,0.25,0.5,N,
MR9Y-9DG,MY3Q-P92,missing,missing,0.5,missing,missing,0.5,0.25,0.5,N,
9JNS-MXB,9JN9-K7Z,missing,missing,0.5,missing,missing,0.5,0.25,0.5,Y,
KZ9X-PCL,93T8-JBD,missing,missing,0.5,missing,missing,0.5,0.25,0.5,Y,
MPWK-D9C,LDV8-GG9,+1911-06-18,+1911-06-18,1.0,+1935,+1935-06-24,1.0,1.0,1.0,Y,
9JNB-ZD2,9JJ9-PSP,missing,missing,0.5,missing,missing,0.5,0.25,0.5,N,
MPWS-7CR,MPWS-7FP,missing,missing,0.5,missing,missing,0.5,0.25,0.5,Y,
KLX4-QDC,9DCV-HJP,+1853-11-01,missing,0.5,+1911-03-03,missing,0.5,0.25,0.5,Y,
KZBX-QYJ,MK2D-3LB,A+1771,missing,0.5,missing,missing,0.5,0.25,0.5,Y,
MJ76-64F,KC61-RGR,missing,missing,0.5,missing,missing,0.5,0.25,0.5,Y,
MJ68-3TF,MPGB-ZPJ,missing,missing,0.5,missing,missing,0.5,0.25,0.5,N,
KCT8-4WD,KWJN-NKF,+1887-12-01,+1887-12-01,1.0,+1965-01-08,+1965-08-01,0.0,0.0,0.5,Y,
98BH-358,M66Z-C6Q,missing,missing,0.5,missing,missing,0.5,0.25,0.5,N,
MJ6N-X3J,MJ6X-9XP,missing,missing,0.5,missing,missing,0.5,0.25,0.5,Y,
LJTR-HRF,LJTR-5MP,missing,missing,0.5,missing,missing,0.5,0.25,0.5,Y,
MJ6D-RRY,MJ6W-CKL,missing,+1809,0.5,missing,missing,0.5,0.25,0.5,N,
KZBR-NYS,MR8J-8Q2,missing,missing,0.5,missing,missing,0.5,0.25,0.5,Y,
9JNJ-V9C,9JNJ-XF5,missing,missing,0.5,missing,missing,0.5,0.25,0.5,Y,
MR91-C78,KZSY-2V7,missing,+1631-08-12,0.5,missing,missing,0.5,0.25,0.5,N,
98GG-4NV,KC75-KVK,+1914,+1914,1.0,missing,missing,0.5,0.5,0.75,N,
KZB6-QPC,M2V8-TWT,missing,missing,0.5,missing,missing,0.5,0.25,0.5,Y,
MPX6-HX4,M21K-W8Y,missing,missing,0.5,missing,missing,0.5,0.25,0.5,Y,
MR8P-C78,KKS8-V5X,missing,+1850-03-14,0.5,missing,+1910-03-04,0.5,0.25,0.5,Y,
9JNP-Y8Y,9JNP-2YX,missing,missing,0.5,missing,missing,0.5,0.25,0.5,Y,
9899-WGL,MXHJ-PKX,+1754-01-20,missing,0.5,+1754-02-02,missing,0.5,0.25,0.5,N,
KZ9X-PCL,KHYZ-ZCP,missing,missing,0.5,missing,+1640-09-13,0.5,0.25,0.5,N,
9JNS-MXB,9KHJ-4MJ,missing,missing,0.5,missing,missing,0.5,0.25,0.5,Y,
MJ79-CRT,MJ79-TH9,missing,missing,0.5,missing,missing,0.5,0.25,0.5,N,
KLX1-SY9,9V41-YJJ,+1772-12-11,+1772-12-11,1.0,+1782-05-27,+1782-05-27,1.0,1.0,1.0,Y,
MRDL-NYY,KDSB-KZ5,missing,missing,0.5,missing,missing,0.5,0.25,0.5,Y,
MR8G-K6X,KC2Q-W73,missing,missing,0.5,missing,missing,0.5,0.25,0.5,N,
KCT4-L7P,K45J-5DG,missing,missing,0.5,missing,missing,0.5,0.25,0.5,Y,
98BH-358,M5DT-J8J,missing,missing,0.5,missing,missing,0.5,0.25,0.5,N,
MJ6X-CS5,21T7-BQ2,+1853,+1853,1.0,missing,+1939,0.5,0.5,0.75,N,
LJTR-HRF,LJTT-N41,missing,missing,0.5,missing,missing,0.5,0.25,0.5,Y,
MR9R-JNG,27S7-WR9,missing,missing,0.5,missing,missing,0.5,0.25,0.5,N,
L6DX-WZ2,L6DN-5XL,missing,missing,0.5,missing,missing,0.5,0.25,0.5,Y,
KZBR-NYS,M5ZV-MFR,missing,A+1760,0.5,missing,missing,0.5,0.25,0.5,Y,
LJTC-MRP,LJTY-NWW,missing,missing,0.5,missing,missing,0.5,0.25,0.5,Y,
9JNJ-V9C,9JNJ-JRH,missing,missing,0.5,missing,missing,0.5,0.25,0.5,Y,
MR9Z-FCX,LVD5-CKV,missing,missing,0.5,missing,missing,0.5,0.25,0.5,N,
MR8P-C78,9JH2-X8F,missing,+1850-03-14,0.5,missing,+1910-03-04,0.5,0.25,0.5,N,
MJ79-CRT,MJ79-F4B,missing,missing,0.5,missing,missing,0.5,0.25,0.5,N,
MJ76-FHJ,MJ7F-FPT,missing,missing,0.5,missing,missing,0.5,0.25,0.5,N,
9JNP-Y8Y,93QC-JT2,missing,missing,0.5,missing,missing,0.5,0.25,0.5,Y,
9JNS-MXB,9KHJ-QKZ,missing,missing,0.5,missing,missing,0.5,0.25,0.5,Y,
MR8G-K6X,MR8L-3J5,missing,missing,0.5,missing,missing,0.5,0.25,0.5,N,
MPWT-TWH,KH1J-6DG,+1762-04-05,+1762-05-05,0.0,+1837-04-08,+1837-04-08,1.0,0.0,0.5,Y,
KLX1-SY9,97K4-6MR,+1772-12-11,+1772-12-11,1.0,+1782-05-27,+1782-05-27,1.0,1.0,1.0,Y,
9JND-RXL,9JND-YMG,missing,missing,0.5,missing,missing,0.5,0.25,0.5,N,
KCT9-1BQ,992S-WSF,missing,missing,0.5,missing,missing,0.5,0.25,0.5,Y,
KZBY-NDW,M984-VR1,+1836-09-23,missing,0.5,missing,missing,0.5,0.25,0.5,Y,
MPW8-G9S,MPW3-36H,missing,missing,0.5,missing,missing,0.5,0.25,0.5,Y,
MJ6B-8SV,M3YR-YHM,missing,missing,0.5,missing,missing,0.5,0.25,0.5,Y,
KLXH-RXB,K4B6-L7P,+1686,missing,0.5,missing,missing,0.5,0.25,0.5,N,
KZ9X-PCL,KCQ7-TGB,missing,+1669-02-20,0.5,missing,missing,0.5,0.25,0.5,N,
MJ6X-D45,9ZQX-V4M,missing,missing,0.5,missing,missing,0.5,0.25,0.5,N,
MJ6Q-LS3,KCT2-RGY,missing,missing,0.5,missing,missing,0.5,0.25,0.5,Y,
MPWN-ZC4,KXFJ-WY9,missing,missing,0.5,missing,+1855-05-17,0.5,0.25,0.5,Y,
L6DX-WZ2,L6DF-9JK,missing,missing,0.5,missing,missing,0.5,0.25,0.5,Y,
9JNJ-V9C,9DZJ-9YQ,missing,missing,0.5,missing,missing,0.5,0.25,0.5,Y,
MPX8-J91,MLR9-TNG,missing,missing,0.5,missing,missing,0.5,0.25,0.5,Y,
MJ6F-SRV,9VGC-VT8,missing,A+1766,0.5,missing,missing,0.5,0.25,0.5,Y,
MRDW-PDW,MR4R-C26,missing,missing,0.5,missing,missing,0.5,0.25,0.5,Y,
KZB7-MZP,K83T-GGC,missing,missing,0.5,missing,missing,0.5,0.25,0.5,Y,
LJTC-MRP,LJTY-P5S,missing,missing,0.5,missing,missing,0.5,0.25,0.5,N,
989C-L2X,L488-WYF,+1890-10-26,+1890-10-26,1.0,missing,missing,0.5,0.5,0.75,Y,
MJ79-CRT,MJ7S-WVG,missing,missing,0.5,missing,missing,0.5,0.25,0.5,N,
KZBY-NDW,K8CY-C9B,+1836-09-23,missing,0.5,missing,missing,0.5,0.25,0.5,N,
MPVZ-TXB,M6JF-12T,missing,+1802-11-22,0.5,missing,missing,0.5,0.25,0.5,Y,
KCT9-1BQ,99NH-MQD,missing,+1781-10-05,0.5,missing,+1785-04-14,0.5,0.25,0.5,N,
98GH-J9J,9JG2-JXR,missing,missing,0.5,missing,missing,0.5,0.25,0.5,Y,
MJ76-FHJ,MJ7X-1X5,missing,missing,0.5,missing,missing,0.5,0.25,0.5,N,
KCT4-TB3,MPKD-VRF,missing,missing,0.5,missing,missing,0.5,0.25,0.5,Y,
KLXH-RXB,K64Y-GPS,+1686,A+1684,1.0,missing,missing,0.5,0.5,0.75,N,
MJ6X-D3T,MJ6D-HCK,missing,missing,0.5,missing,missing,0.5,0.25,0.5,N,
MR9R-JNG,LZRR-WDK,missing,+1855-08,0.5,missing,missing,0.5,0.25,0.5,N,
MPWN-ZC4,MNTB-WLM,missing,missing,0.5,missing,missing,0.5,0.25,0.5,Y,
L6DX-WZ2,L8T3-XHM,missing,missing,0.5,missing,missing,0.5,0.25,0.5,Y,
98C7-S3H,L5B7-3CG,missing,missing,0.5,missing,missing,0.5,0.25,0.5,Y,
LJT7-GSC,LJTH-7KY,missing,missing,0.5,missing,missing,0.5,0.25,0.5,Y,
LJTS-V38,9V6B-WFT,+1839,missing,0.5,missing,missing,0.5,0.25,0.5,N,
KZ9X-PCL,M4KT-D42,missing,+1673-01-20,0.5,missing,+1673-02-11,0.5,0.25,0.5,N,
9JNJ-V9C,9JNJ-6HN,missing,missing,0.5,missing,missing,0.5,0.25,0.5,Y,
MR8G-K6X,KG3H-DYQ,missing,A+1710,0.5,missing,missing,0.5,0.25,0.5,N,
MR8Q-GKG,MR8Q-G25,missing,missing,0.5,missing,missing,0.5,0.25,0.5,Y,
KZB7-MZP,M3BP-5ZC,missing,missing,0.5,missing,missing,0.5,0.25,0.5,Y,
MRDW-PDW,MR84-C8Y,missing,missing,0.5,missing,missing,0.5,0.25,0.5,Y,
MRDG-PP3,K8YN-W4V,missing,missing,0.5,missing,missing,0.5,0.25,0.5,Y,
MJ6F-SRV,M6P2-W1P,missing,missing,0.5,missing,missing,0.5,0.25,0.5,Y,
98GH-J9J,98GH-695,missing,missing,0.5,missing,missing,0.5,0.25,0.5,Y,
MPWW-9CL,MHZ7-2TK,missing,missing,0.5,missing,missing,0.5,0.25,0.5,N,
KZBM-7PF,MW5L-KBY,missing,missing,0.5,missing,missing,0.5,0.25,0.5,Y,
L6DX-WZ2,L6DK-6RY,missing,missing,0.5,missing,missing,0.5,0.25,0.5,N,
MJ6X-D3T,9JT4-LCS,missing,missing,0.5,missing,missing,0.5,0.25,0.5,N,
MPVW-FY4,MPVB-6S8,missing,missing,0.5,missing,missing,0.5,0.25,0.5,Y,
KCT9-1BQ,99NH-M3X,missing,+1777-09-21,0.5,missing,missing,0.5,0.25,0.5,N,
MJ76-FHJ,MJ76-LTS,missing,missing,0.5,missing,missing,0.5,0.25,0.5,N,
KCT4-TB3,M26G-R3C,missing,missing,0.5,missing,missing,0.5,0.25,0.5,N,
9JNJ-V9C,9JNJ-ZZZ,missing,missing,0.5,missing,missing,0.5,0.25,0.5,Y,
9JNQ-DNC,KNRG-H64,missing,missing,0.5,missing,missing,0.5,0.25,0.5,Y,
KLXH-RXB,MKY3-YC1,+1686,missing,0.5,missing,missing,0.5,0.25,0.5,N,
MJ6B-8T7,KZGD-LQ5,missing,missing,0.5,missing,missing,0.5,0.25,0.5,Y,
MPWN-ZC4,MKD1-8W5,missing,missing,0.5,missing,missing,0.5,0.25,0.5,N,
987Y-7T7,987W-L1T,missing,missing,0.5,missing,missing,0.5,0.25,0.5,N,
MJ6Y-Q3F,9NG6-MKG,missing,missing,0.5,missing,missing,0.5,0.25,0.5,Y,
989W-4GQ,LQYC-FTB,missing,missing,0.5,missing,missing,0.5,0.25,0.5,Y,
MRDW-PDW,KG6J-DQK,missing,missing,0.5,missing,missing,0.5,0.25,0.5,Y,
KZB7-MZP,KLH3-M7G,missing,missing,0.5,missing,missing,0.5,0.25,0.5,Y,
LJTF-BS9,GMT9-LDQ,+1917-05-27,+1917-05-27,1.0,+2008-11-08,+2008-11-08,1.0,1.0,1.0,Y,
MJ6F-SRV,MWTL-T6F,missing,missing,0.5,missing,missing,0.5,0.25,0.5,Y,
KZBM-7PF,MH9W-78K,missing,missing,0.5,missing,missing,0.5,0.25,0.5,Y,
98GH-J9J,9J9X-YZT,missing,missing,0.5,missing,missing,0.5,0.25,0.5,N,
MRDG-PP3,MBPL-Q8T,missing,missing,0.5,missing,missing,0.5,0.25,0.5,Y,
LJTF-C3X,MQKL-NZD,+1765,missing,0.5,+1787-07-20,missing,0.5,0.25,0.5,Y,
L6DX-WZ2,L6DF-SMP,missing,missing,0.5,missing,missing,0.5,0.25,0.5,N,
MJ76-FHJ,MJ7F-MCZ,missing,missing,0.5,missing,missing,0.5,0.25,0.5,N,
MPVW-FY4,MPKF-YH1,missing,missing,0.5,missing,missing,0.5,0.25,0.5,Y,
KCT9-1BQ,K41B-8WB,missing,missing,0.5,missing,missing,0.5,0.25,0.5,N,
MJ79-CS5,MDPF-BJF,missing,missing,0.5,missing,missing,0.5,0.25,0.5,Y,
MRFC-D9N,LR6J-6CC,missing,+1840-12-19,0.5,missing,missing,0.5,0.25,0.5,Y,
KLXH-RXB,LV9J-58D,+1686,missing,0.5,missing,missing,0.5,0.25,0.5,N,
KZB4-HFD,KNL5-3BK,missing,missing,0.5,missing,missing,0.5,0.25,0.5,Y,
KZ9Y-DD8,GMFH-474,+1765-01-20,A+1765,1.0,missing,missing,0.5,0.5,0.75,Y,
987Y-7T7,987H-MNK,missing,missing,0.5,missing,missing,0.5,0.25,0.5,N,
LJT7-H4C,LJTQ-QDS,missing,missing,0.5,missing,missing,0.5,0.25,0.5,Y,
MPWC-PMS,J3LD-9G4,missing,missing,0.5,missing,missing,0.5,0.25,0.5,Y,
LJTT-J3C,LJT4-4TW,missing,missing,0.5,missing,missing,0.5,0.25,0.5,Y,
9JNQ-DNC,9JN9-57J,missing,missing,0.5,missing,missing,0.5,0.25,0.5,Y,
MPW1-6YK,MZBR-M76,+1783-09-24,+1783-09-24,1.0,missing,missing,0.5,0.5,0.75,Y,
MJ6X-D3T,MW38-Q49,missing,missing,0.5,missing,missing,0.5,0.25,0.5,N,
MJ6B-8T7,M6KB-TML,missing,missing,0.5,missing,missing,0.5,0.25,0.5,N,
MPW7-S9H,LRQS-437,missing,+1754-11,0.5,missing,missing,0.5,0.25,0.5,N,
L4JH-SV2,L4JH-SV2,+1819-05-14,+1819-05-14,1.0,/+1871,/+1871,1.0,1.0,1.0,Y,
MR8S-HKD,M8CZ-6XZ,missing,missing,0.5,missing,missing,0.5,0.25,0.5,Y,
989W-4GQ,L1TY-DK6,missing,missing,0.5,missing,missing,0.5,0.25,0.5,N,
MRDW-PDW,MRDB-R2R,missing,missing,0.5,missing,missing,0.5,0.25,0.5,Y,
MRDP-PYS,KL3P-QKM,+1875-05-10,+1875-05-10,1.0,missing,missing,0.5,0.5,0.75,N,
KZB7-MZP,KXZJ-KTD,missing,+1821,0.5,missing,missing,0.5,0.25,0.5,N,
KZBM-7PF,KHWX-D7H,missing,missing,0.5,missing,missing,0.5,0.25,0.5,Y,
MPWX-5MY,MPWH-K6L,missing,missing,0.5,missing,missing,0.5,0.25,0.5,Y,
LJT7-H4C,LJTR-KPJ,missing,missing,0.5,missing,missing,0.5,0.25,0.5,N,
MJ76-FHJ,MJ7F-FGX,missing,missing,0.5,missing,missing,0.5,0.25,0.5,N,
9JNQ-DNC,KZ61-B15,missing,missing,0.5,missing,missing,0.5,0.25,0.5,Y,
LJTT-J3C,LJY9-ZM3,missing,missing,0.5,missing,missing,0.5,0.25,0.5,Y,
MJ6X-D3T,9JPM-5C2,missing,missing,0.5,missing,missing,0.5,0.25,0.5,N,
MPWC-PMS,9SDR-RYH,missing,missing,0.5,missing,missing,0.5,0.25,0.5,Y,
MPVW-FY4,MP25-B5H,missing,missing,0.5,missing,missing,0.5,0.25,0.5,Y,
MPW1-6YK,9QV5-CBB,+1783-09-24,missing,0.5,missing,missing,0.5,0.25,0.5,N,
KCT9-1BQ,K8F5-ZMD,missing,missing,0.5,missing,missing,0.5,0.25,0.5,N,
KZB4-HFD,2Q1R-DC3,missing,missing,0.5,missing,missing,0.5,0.25,0.5,Y,
9JNK-RD1,9JNK-XGK,missing,missing,0.5,missing,missing,0.5,0.25,0.5,Y,
MRDG-PP3,97NS-YJ6,missing,missing,0.5,missing,missing,0.5,0.25,0.5,Y,
MPWX-5MY,K224-TZV,missing,missing,0.5,missing,missing,0.5,0.25,0.5,N,
KZBT-6ZJ,9Q37-DWR,missing,missing,0.5,missing,missing,0.5,0.25,0.5,Y,
MJ6F-SS7,MJ6F-SMW,missing,missing,0.5,missing,missing,0.5,0.25,0.5,Y,
L6DZ-XYN,L6DX-9Z9,missing,missing,0.5,missing,missing,0.5,0.25,0.5,Y,
L6DS-8FB,L6DX-681,missing,missing,0.5,missing,missing,0.5,0.25,0.5,Y,
MJ6X-D3T,MJ66-2HH,missing,missing,0.5,missing,missing,0.5,0.25,0.5,N,
KCT1-FBD,9CVR-J8B,missing,missing,0.5,missing,missing,0.5,0.25,0.5,Y,
LJTT-J3C,LJT4-CSK,missing,missing,0.5,missing,missing,0.5,0.25,0.5,Y,
KZB4-HFD,KNVN-73M,missing,missing,0.5,missing,missing,0.5,0.25,0.5,Y,
L4JH-SV2,L4JH-SV2,+1819-05-14,+1819-05-14,1.0,/+1871,/+1871,1.0,1.0,1.0,Y,
KLXL-DCW,9QFJ-265,missing,missing,0.5,missing,missing,0.5,0.25,0.5,Y,
KZBM-7PF,M4K3-RT1,missing,missing,0.5,missing,missing,0.5,0.25,0.5,Y,
MRDG-PP3,MCT4-3T1,missing,missing,0.5,missing,missing,0.5,0.25,0.5,Y,
MR8V-F6N,96WN-QSL,missing,missing,0.5,missing,missing,0.5,0.25,0.5,Y,
MRDW-PDW,K69W-NXC,missing,+1754,0.5,missing,+1828-02-14,0.5,0.25,0.5,N,
LJT7-H4C,LJTY-Q8M,missing,missing,0.5,missing,missing,0.5,0.25,0.5,N,
MR8L-QKB,MT69-JTR,missing,missing,0.5,missing,missing,0.5,0.25,0.5,N,
KZB7-MZP,KCX7-PYS,missing,+1824,0.5,missing,missing,0.5,0.25,0.5,N,
MPWX-5MY,MSMY-V4N,missing,missing,0.5,missing,missing,0.5,0.25,0.5,N,
MJ6F-SS7,MJ6F-WZ1,missing,missing,0.5,missing,missing,0.5,0.25,0.5,Y,
L6DS-8FB,L8TM-LFF,missing,missing,0.5,missing,missing,0.5,0.25,0.5,Y,
L6DZ-XYN,L8TD-CXY,missing,missing,0.5,missing,missing,0.5,0.25,0.5,Y,
9JNR-8NN,KNTW-8TN,missing,missing,0.5,missing,missing,0.5,0.25,0.5,Y,
MPWD-49Z,MYK4-ZGC,missing,missing,0.5,missing,missing,0.5,0.25,0.5,N,
KCT1-FBD,KVB7-51C,missing,missing,0.5,missing,missing,0.5,0.25,0.5,Y,
LJTT-J3C,LJTB-4N7,missing,missing,0.5,missing,missing,0.5,0.25,0.5,Y,
MPW1-XCS,9775-GX5,+1716-12-22,missing,0.5,missing,missing,0.5,0.25,0.5,Y,
MPVW-WMW,94PW-JTP,missing,missing,0.5,missing,missing,0.5,0.25,0.5,Y,
MR8V-F6N,99JX-GB9,missing,missing,0.5,missing,missing,0.5,0.25,0.5,Y,
KZB4-HFD,KN2D-275,missing,missing,0.5,missing,missing,0.5,0.25,0.5,Y,
MRDG-PP3,LVPG-SVW,missing,missing,0.5,missing,missing,0.5,0.25,0.5,Y,
KLXL-DCW,MY1F-19C,missing,missing,0.5,missing,missing,0.5,0.25,0.5,N,
MR89-LB1,MR46-FVF,missing,missing,0.5,missing,missing,0.5,0.25,0.5,N,
MRDW-PDW,MR9B-KZC,missing,missing,0.5,missing,missing,0.5,0.25,0.5,N,
MR8L-QKB,MTDM-SR3,missing,missing,0.5,missing,missing,0.5,0.25,0.5,N,
LJTG-P3J,LJT2-VFT,+1797-11-27,+1797-11-27,1.0,missing,missing,0.5,0.5,0.75,Y,
KZBT-6ZJ,932N-PSW,missing,missing,0.5,missing,missing,0.5,0.25,0.5,Y,
L6DZ-XYN,L6DX-7B1,missing,missing,0.5,missing,missing,0.5,0.25,0.5,N,
98CQ-G2Y,K6C3-S2R,missing,missing,0.5,missing,missing,0.5,0.25,0.5,N,
L6DS-8FB,L8TF-M3Z,missing,missing,0.5,missing,missing,0.5,0.25,0.5,Y,
9JNK-RD1,9KNR-669,missing,missing,0.5,missing,missing,0.5,0.25,0.5,Y,
MPVW-WMW,97WQ-PQM,missing,missing,0.5,missing,missing,0.5,0.25,0.5,N,
LJT8-LHR,LJTC-XCM,missing,missing,0.5,missing,missing,0.5,0.25,0.5,Y,
KCT1-FBD,K8PB-KMG,missing,A+1833,0.5,missing,missing,0.5,0.25,0.5,N,
LJTT-J3C,LJ8C-WPV,missing,missing,0.5,missing,missing,0.5,0.25,0.5,N,
MRDW-PDW,M3GC-Z4Z,missing,+1743-06-07,0.5,missing,missing,0.5,0.25,0.5,N,
MR89-LB1,MR89-GMS,missing,missing,0.5,missing,missing,0.5,0.25,0.5,N,
KZB4-HFD,MYS2-78G,missing,missing,0.5,missing,missing,0.5,0.25,0.5,Y,
MPWX-W8B,KZM2-462,missing,+1816,0.5,missing,missing,0.5,0.25,0.5,Y,
MR8L-QKB,KZK1-LSX,missing,missing,0.5,missing,missing,0.5,0.25,0.5,N,
MR8V-F6N,MTSJ-8H4,missing,missing,0.5,missing,missing,0.5,0.25,0.5,Y,
LJT8-LHR,LJTC-FJC,missing,missing,0.5,missing,missing,0.5,0.25,0.5,Y,
KCT1-FBD,M4DV-ZZB,missing,missing,0.5,missing,missing,0.5,0.25,0.5,N,
MRDW-PDW,M3GC-ZCL,missing,+1749-11-19,0.5,missing,missing,0.5,0.25,0.5,N,
MPVW-WMW,MQ6S-SDB,missing,missing,0.5,missing,missing,0.5,0.25,0.5,N,
MR89-LB1,MRC7-JPD,missing,missing,0.5,missing,missing,0.5,0.25,0.5,N,
KCSZ-C83,97WG-TGM,A+1751,missing,0.5,missing,missing,0.5,0.25,0.5,Y,
KZB9-G1K,M5G8-B3S,missing,missing,0.5,missing,missing,0.5,0.25,0.5,Y,
MR8V-F6N,9H3P-V1B,missing,missing,0.5,missing,missing,0.5,0.25,0.5,Y,
L6F1-VXZ,L6NM-6QM,missing,missing,0.5,missing,missing,0.5,0.25,0.5,Y,
MR9W-QCP,K8B2-NG6,missing,missing,0.5,missing,missing,0.5,0.25,0.5,Y,
L6DS-HZF,L6DS-3QT,missing,missing,0.5,missing,missing,0.5,0.25,0.5,Y,
LJT8-LHR,LJT4-NZ9,missing,missing,0.5,missing,missing,0.5,0.25,0.5,N,
KCT1-FBD,M2PQ-8BW,missing,missing,0.5,missing,missing,0.5,0.25,0.5,N,
MPVW-WMW,MQ6Y-Q8F,missing,missing,0.5,missing,missing,0.5,0.25,0.5,N,
MRDW-PDW,KZMJ-LH7,missing,missing,0.5,missing,missing,0.5,0.25,0.5,N,
KZBM-XYN,9M9V-T52,missing,missing,0.5,missing,missing,0.5,0.25,0.5,Y,
MR89-LB1,L4JH-XG5,missing,missing,0.5,missing,missing,0.5,0.25,0.5,N,
KCSZ-C83,LVP9-KRY,A+1751,A+1762,0.0,missing,missing,0.5,0.0,0.25,Y,
LJTV-23Y,9HMY-BLW,+1870,missing,0.5,+1940-10-16,missing,0.5,0.25,0.5,Y,
KZB9-G1K,K87T-CFV,missing,missing,0.5,missing,missing,0.5,0.25,0.5,Y,
9JNK-RD1,9KNR-NCB,missing,missing,0.5,missing,missing,0.5,0.25,0.5,Y,
L6F1-VXZ,LX1J-W4F,missing,missing,0.5,missing,missing,0.5,0.25,0.5,Y,
KLXP-NN4,96YH-KQY,A+1830,A+1830,1.0,missing,missing,0.5,0.5,0.75,N,
MR8L-QKB,MLVQ-L33,missing,missing,0.5,missing,missing,0.5,0.25,0.5,N,
MR9W-QCP,KHHR-26D,missing,missing,0.5,missing,missing,0.5,0.25,0.5,N,
L6DS-HZF,L6DQ-SFM,missing,missing,0.5,missing,missing,0.5,0.25,0.5,Y,
LJT8-LHR,LJY3-CYW,missing,missing,0.5,missing,missing,0.5,0.25,0.5,N,
MPVW-WMW,M35T-R2B,missing,missing,0.5,missing,missing,0.5,0.25,0.5,N,
KZBM-XYN,9SL3-6CN,missing,missing,0.5,missing,missing,0.5,0.25,0.5,Y,
MR89-LB1,MR81-GCV,missing,missing,0.5,missing,missing,0.5,0.25,0.5,N,
KZB9-G1K,KGP1-LPW,missing,missing,0.5,missing,missing,0.5,0.25,0.5,N,
MR8Y-KJZ,MR8Y-KFR,missing,missing,0.5,missing,missing,0.5,0.25,0.5,Y,
9JNK-RD1,9KNR-F8G,missing,missing,0.5,missing,missing,0.5,0.25,0.5,Y,
MR8L-QKB,KZGH-ZVT,missing,missing,0.5,missing,missing,0.5,0.25,0.5,N,
L6F1-VXZ,LX1J-WRT,missing,missing,0.5,missing,missing,0.5,0.25,0.5,Y,
MR9W-QCP,MR98-VW4,missing,missing,0.5,missing,missing,0.5,0.25,0.5,N,
L6DS-HZF,L8TC-LJ8,missing,missing,0.5,missing,missing,0.5,0.25,0.5,Y,
MRDY-HZ3,MS14-H1T,missing,missing,0.5,missing,missing,0.5,0.25,0.5,Y,
KZBM-XYN,K8DN-78P,missing,+1838-01-02,0.5,missing,missing,0.5,0.25,0.5,Y,
KZB9-G1K,KG5S-RMF,missing,missing,0.5,missing,missing,0.5,0.25,0.5,N,
9JNK-RD1,9JNK-DDB,missing,missing,0.5,missing,missing,0.5,0.25,0.5,Y,
MR9W-QCP,MR9Z-KBX,missing,missing,0.5,missing,missing,0.5,0.25,0.5,N,
L6F1-VXZ,LCBQ-6JH,missing,missing,0.5,missing,missing,0.5,0.25,0.5,Y,
KLXR-X93,9HHW-YH9,+1870,A+1870,1.0,+1941-04-08,missing,0.5,0.5,0.75,Y,
MRDY-HZ3,MRDY-4RM,missing,missing,0.5,missing,missing,0.5,0.25,0.5,Y,
L6DS-HZF,L6DZ-YCN,missing,missing,0.5,missing,missing,0.5,0.25,0.5,Y,
MPVY-H9P,LZV3-3FY,missing,missing,0.5,missing,missing,0.5,0.25,0.5,Y,
KZB9-G1K,9D85-NZD,missing,missing,0.5,missing,missing,0.5,0.25,0.5,N,
MRDP-PZ4,99XQ-WW7,missing,missing,0.5,missing,missing,0.5,0.25,0.5,Y,
MR9W-QCP,94NH-7Z4,missing,A+1846,0.5,missing,missing,0.5,0.25,0.5,N,
KCT1-NLF,LYHY-MH6,missing,missing,0.5,missing,missing,0.5,0.25,0.5,N,
KLXR-X93,LKD9-S7F,+1870,missing,0.5,+1941-04-08,missing,0.5,0.25,0.5,N,
L6DS-HZF,L6DC-S5V,missing,missing,0.5,missing,missing,0.5,0.25,0.5,N,
MRDY-HZ3,MRDY-H8P,missing,missing,0.5,missing,missing,0.5,0.25,0.5,Y,
MPVY-H9P,MPVY-HST,missing,missing,0.5,missing,missing,0.5,0.25,0.5,Y,
9JNK-ZMR,9JNK-XKK,missing,missing,0.5,missing,missing,0.5,0.25,0.5,Y,
KZBN-LYY,M58M-JGG,A+1875,+1875,1.0,missing,missing,0.5,0.5,0.75,Y,
MRDP-PZ4,L4X9-SPD,missing,missing,0.5,missing,missing,0.5,0.25,0.5,Y,
KCT1-NLF,K8SP-NSS,missing,missing,0.5,missing,missing,0.5,0.25,0.5,N,
MRDY-HZ3,MRDY-HD2,missing,missing,0.5,missing,missing,0.5,0.25,0.5,Y,
L6F5-XY5,L843-3GX,+1840,+1840,1.0,missing,missing,0.5,0.5,0.75,Y,
MPVY-H9P,LZL4-JBY,missing,missing,0.5,missing,missing,0.5,0.25,0.5,Y,
KLWX-GDH,KKQN-RWC,+1893-11-26,+1893-11-26,1.0,missing,missing,0.5,0.5,0.75,Y,
9JNK-ZMR,KCKK-KHS,missing,missing,0.5,missing,missing,0.5,0.25,0.5,Y,
KZBN-LYY,KZV5-TLQ,A+1875,A+1875,1.0,missing,missing,0.5,0.5,0.75,Y,
L6DV-61L,L8TW-V6B,missing,missing,0.5,missing,missing,0.5,0.25,0.5,N,
MRDP-PZ4,9DVT-5F5,missing,missing,0.5,missing,missing,0.5,0.25,0.5,Y,
MPVY-H9P,LZFQ-4NH,missing,missing,0.5,missing,missing,0.5,0.25,0.5,Y,
KLWX-GDH,LWYV-YC1,+1893-11-26,+1893,1.0,missing,missing,0.5,0.5,0.75,Y,
9JNK-ZMR,9JNK-4NN,missing,missing,0.5,missing,missing,0.5,0.25,0.5,Y,
MRDP-PZ4,KZBF-RNG,missing,missing,0.5,missing,missing,0.5,0.25,0.5,Y,
MR9C-CJY,MR9C-CK6,missing,missing,0.5,missing,missing,0.5,0.25,0.5,N,
MPVY-H9P,KJV7-V9M,missing,missing,0.5,missing,missing,0.5,0.25,0.5,Y,
9JNK-ZMR,9JNK-DLK,missing,missing,0.5,missing,missing,0.5,0.25,0.5,Y,
MRDP-PZ4,K42S-YPW,missing,missing,0.5,missing,missing,0.5,0.25,0.5,N,
9JNK-ZMR,MR5P-856,missing,missing,0.5,missing,missing,0.5,0.25,0.5,Y,
MRF3-TXM,M5TN-N3V,missing,missing,0.5,missing,missing,0.5,0.25,0.5,Y,
9JNR-8NN,9JNT-QNP,missing,missing,0.5,missing,missing,0.5,0.25,0.5,Y,
MRF3-TXM,M569-KPY,missing,missing,0.5,missing,missing,0.5,0.25,0.5,Y,
9JNR-8NN,MXLM-6WR,missing,missing,0.5,missing,missing,0.5,0.25,0.5,N,
MRF3-TXM,MP63-3TV,missing,missing,0.5,missing,missing,0.5,0.25,0.5,Y,
MRF3-TXM,M564-VZZ,missing,missing,0.5,missing,missing,0.5,0.25,0.5,Y,
MRF3-TXM,KCD3-C38,missing,missing,0.5,missing,missing,0.5,0.25,0.5,Y,
9JNR-QMT,9JNR-VWZ,missing,+1814,0.5,missing,missing,0.5,0.25,0.5,N,
9JNR-QMT,GM4W-W3K,missing,+1825,0.5,missing,+1829-10-30,0.5,0.25,0.5,N,
9JNR-QMT,9KWY-X98,missing,missing,0.5,missing,missing,0.5,0.25,0.5,N,
9JNR-QMT,9JN1-81B,missing,missing,0.5,missing,missing,0.5,0.25,0.5,N,
